{
    "RMSE": 8243.50397381378,
    "MAE": 5749.0160413520925,
    "R2": 0.9650240530089602
}